query_lat,query_lon,result_u,result_v
-16.3988300,-71.5369700,1506390743,8949309458
